Date,Open,High,Low,Close,Volume
12-May-17,67.14,67.75,66.77,67.38,660008
11-May-17,67.37,67.74,66.92,67.23,654998
10-May-17,66.79,67.77,66.76,67.60,1009347
9-May-17,66.66,66.79,66.00,66.77,786714
8-May-17,66.68,67.39,66.05,66.35,742335
5-May-17,66.20,67.08,65.89,66.94,917306
4-May-17,65.10,66.28,64.81,65.97,884321
3-May-17,65.24,65.26,64.37,64.93,902540
2-May-17,65.32,65.50,64.61,65.42,1351142
1-May-17,64.49,65.38,64.19,65.21,1019662
28-Apr-17,64.60,64.60,63.30,64.31,963248
27-Apr-17,64.40,65.16,64.11,64.60,920019
26-Apr-17,63.86,63.98,63.30,63.72,842453
25-Apr-17,63.65,64.71,63.06,63.85,1072151
24-Apr-17,63.00,63.52,62.48,63.48,858767
21-Apr-17,62.33,62.95,62.11,62.44,793774
20-Apr-17,61.81,62.30,61.24,62.03,679457
19-Apr-17,61.18,61.93,61.07,61.63,800022
18-Apr-17,60.06,61.36,59.81,61.10,919577
17-Apr-17,59.66,60.21,59.24,60.14,1266068
13-Apr-17,60.68,61.10,59.46,59.49,1795407
12-Apr-17,60.88,61.58,60.33,60.72,858568
11-Apr-17,61.00,61.47,60.10,61.07,657351
10-Apr-17,61.23,61.50,60.86,61.12,669007
7-Apr-17,61.01,61.53,60.44,60.95,864675
6-Apr-17,61.18,61.37,60.38,60.93,1014232
5-Apr-17,61.21,62.48,60.95,61.08,971204
4-Apr-17,61.14,62.04,60.91,61.08,666001
3-Apr-17,62.40,62.80,60.83,61.15,1123495
31-Mar-17,62.27,63.10,62.12,62.29,785245
30-Mar-17,62.65,63.52,62.53,62.64,982125
29-Mar-17,61.20,62.94,61.08,62.74,1455454
28-Mar-17,61.00,61.68,60.63,61.26,819312
27-Mar-17,60.21,61.29,59.78,60.94,814165
24-Mar-17,60.98,61.62,60.48,60.90,870845
23-Mar-17,60.54,61.53,60.50,60.77,1149707
22-Mar-17,60.00,60.58,59.67,60.48,745456
21-Mar-17,62.41,62.58,60.00,60.08,1154187
20-Mar-17,62.49,62.74,61.89,62.08,608245
17-Mar-17,62.15,62.85,61.97,62.37,1316686
16-Mar-17,62.00,62.34,61.58,62.25,1032309
15-Mar-17,60.93,61.79,60.58,61.65,1134888
14-Mar-17,60.83,61.33,60.20,60.99,1072516
13-Mar-17,60.54,61.75,60.48,61.58,1420556
10-Mar-17,60.69,60.97,60.04,60.74,1001288
9-Mar-17,60.82,61.00,59.35,60.19,812732
8-Mar-17,60.80,61.29,60.39,60.67,1167713
7-Mar-17,61.78,62.16,60.57,60.70,2436165
6-Mar-17,61.99,62.48,61.34,61.78,924616
3-Mar-17,62.36,63.00,61.85,62.67,918414
2-Mar-17,63.83,63.95,62.54,62.70,1893116
1-Mar-17,62.47,63.91,61.85,63.70,2596555
28-Feb-17,62.53,62.60,61.40,61.73,1443919
27-Feb-17,61.46,63.15,61.37,62.62,1906471
24-Feb-17,61.47,64.61,61.01,62.80,4657530
23-Feb-17,64.99,65.36,64.01,64.90,3095753
22-Feb-17,65.18,66.46,64.38,64.98,2584456
21-Feb-17,64.50,65.34,64.27,64.95,1844446
17-Feb-17,62.93,64.39,62.72,64.37,1258029
16-Feb-17,63.24,63.78,62.10,62.86,1597384
15-Feb-17,61.86,63.23,61.67,63.17,1656779
14-Feb-17,62.21,62.21,61.61,61.93,1380309
13-Feb-17,62.92,62.96,61.36,62.08,1243417
10-Feb-17,63.10,63.45,62.40,62.65,1205527
9-Feb-17,61.47,63.23,61.32,62.81,1706665
8-Feb-17,60.80,61.36,60.20,61.27,1032329
7-Feb-17,60.26,61.34,60.26,61.01,1911323
6-Feb-17,60.39,60.54,59.73,60.19,1029874
3-Feb-17,59.20,60.88,59.20,60.58,2122856
2-Feb-17,57.60,58.44,57.00,58.17,2071909
1-Feb-17,58.01,58.33,57.05,58.14,1363819
31-Jan-17,56.92,57.89,55.82,57.86,1469867
30-Jan-17,56.77,57.43,55.66,57.40,916229
27-Jan-17,57.39,57.91,56.05,57.31,1102863
26-Jan-17,58.90,59.10,57.35,57.73,1308650
25-Jan-17,57.24,60.00,56.80,58.59,3755303
24-Jan-17,54.15,54.72,53.56,54.45,1406084
23-Jan-17,53.70,54.16,52.89,53.71,1476280
20-Jan-17,53.93,54.51,53.53,53.78,1157837
19-Jan-17,54.80,55.26,53.63,53.82,1650011
18-Jan-17,53.64,54.37,53.17,54.30,1950853
17-Jan-17,56.19,56.36,53.22,53.30,2821318
13-Jan-17,56.70,57.65,55.36,56.42,3077277
12-Jan-17,57.52,57.71,54.94,56.33,4200986
11-Jan-17,56.37,58.06,56.14,57.68,2814525
10-Jan-17,55.89,56.61,55.01,56.18,1160216
9-Jan-17,56.22,56.40,55.04,55.69,1523668
6-Jan-17,54.82,56.47,54.67,56.17,1198836
5-Jan-17,54.63,55.17,53.75,54.56,951502
4-Jan-17,52.95,55.80,52.72,54.84,2273174
3-Jan-17,51.83,53.09,51.30,52.50,1602808
30-Dec-16,51.61,51.80,50.64,51.15,1345294
29-Dec-16,52.00,52.36,51.27,51.81,907916
28-Dec-16,53.43,53.46,51.88,52.06,886213
27-Dec-16,52.34,53.62,52.31,53.32,811449
23-Dec-16,52.41,52.74,52.20,52.57,768711
22-Dec-16,53.72,53.72,52.10,52.34,1463241
21-Dec-16,53.48,53.87,52.81,53.44,1464390
20-Dec-16,55.00,55.21,53.18,53.72,2308587
19-Dec-16,55.00,55.47,54.58,54.77,1506262
16-Dec-16,54.98,55.88,54.89,55.41,1666948
15-Dec-16,55.27,56.34,54.30,55.34,1460099
14-Dec-16,56.62,56.75,54.96,55.33,1753392
13-Dec-16,56.64,57.75,56.50,57.01,1315051
12-Dec-16,56.63,57.14,55.55,56.21,1953991
9-Dec-16,56.96,57.95,56.44,56.82,1242129
8-Dec-16,56.00,57.01,55.25,56.81,1360020
7-Dec-16,55.63,56.63,54.77,56.27,1783462
6-Dec-16,56.10,56.47,55.08,55.50,1426327
5-Dec-16,54.03,57.06,54.03,56.07,2678021
2-Dec-16,52.76,53.95,51.90,53.68,3256484
1-Dec-16,58.00,58.39,53.02,53.33,4647579
30-Nov-16,62.48,62.88,57.41,57.62,7604435
29-Nov-16,57.35,58.17,56.87,57.38,3906552
28-Nov-16,59.15,59.15,56.75,57.42,1867557
25-Nov-16,58.00,58.49,57.54,58.33,568032
23-Nov-16,59.47,59.50,57.18,57.65,1965342
22-Nov-16,58.81,59.92,58.19,59.77,1998597
21-Nov-16,60.12,60.24,59.19,59.54,1365713
18-Nov-16,62.85,62.90,59.84,59.88,1715422
17-Nov-16,60.06,62.50,59.94,62.25,1556043
16-Nov-16,59.25,60.46,58.99,60.32,1168000
15-Nov-16,59.27,59.93,58.83,59.78,1151144
14-Nov-16,57.95,58.98,57.54,58.79,2490505
11-Nov-16,57.22,58.48,56.42,57.95,3867763
10-Nov-16,60.14,60.63,57.28,57.75,2944867
9-Nov-16,58.67,60.49,58.29,59.99,1508118
8-Nov-16,60.36,60.95,59.39,59.78,1168387
7-Nov-16,58.92,60.86,58.48,60.77,1412382
4-Nov-16,58.36,58.87,57.54,57.64,930261
3-Nov-16,58.88,59.16,57.84,57.94,1002213
2-Nov-16,60.98,61.01,58.50,58.82,1629772
1-Nov-16,60.42,61.71,60.00,61.71,1879007
31-Oct-16,61.09,61.26,60.17,60.19,1391800
28-Oct-16,59.52,61.77,59.36,60.95,1509896
27-Oct-16,59.77,60.99,59.46,59.71,1559468
26-Oct-16,58.78,59.61,58.64,58.85,895746
25-Oct-16,59.97,60.04,58.82,59.14,1029810
24-Oct-16,59.31,60.03,59.07,60.00,682663
21-Oct-16,58.93,59.18,58.35,58.92,1058320
20-Oct-16,57.68,59.10,57.30,58.90,1256330
19-Oct-16,57.83,58.78,57.83,58.08,1212467
18-Oct-16,57.97,58.93,57.41,57.66,1363642
17-Oct-16,56.51,56.95,55.97,56.89,1603931
14-Oct-16,56.53,57.79,55.87,56.71,2706051
13-Oct-16,56.96,56.97,54.45,56.34,2757301
12-Oct-16,59.39,59.71,56.89,57.38,2333546
11-Oct-16,60.93,61.33,59.56,59.63,1795321
10-Oct-16,60.64,62.00,60.41,61.26,1165371
7-Oct-16,60.12,60.44,59.33,59.95,1076124
6-Oct-16,60.66,60.88,59.69,60.20,1066008
5-Oct-16,60.62,61.52,60.62,60.89,1201515
4-Oct-16,60.08,60.89,59.76,60.51,1632161
3-Oct-16,59.11,61.37,59.09,61.18,2263392
30-Sep-16,57.75,58.89,57.41,58.68,1470323
29-Sep-16,58.90,59.08,57.70,57.73,996145
28-Sep-16,58.85,59.08,57.71,59.02,1228639
27-Sep-16,57.65,58.73,57.50,58.70,1463691
26-Sep-16,57.74,58.30,57.53,57.59,944930
23-Sep-16,59.25,59.44,57.84,58.15,1206550
22-Sep-16,59.70,59.75,58.88,59.13,1318103
21-Sep-16,58.34,59.33,58.12,59.21,949792
20-Sep-16,59.22,59.61,58.11,58.37,823648
19-Sep-16,59.50,60.38,58.58,58.82,812342
16-Sep-16,59.09,59.39,58.49,59.06,1187112
15-Sep-16,58.77,59.49,58.33,59.36,900658
14-Sep-16,58.10,59.19,57.92,58.77,996690
13-Sep-16,59.28,59.76,57.77,58.19,1865511
12-Sep-16,58.96,60.33,58.01,60.18,1097930
9-Sep-16,60.20,61.15,59.30,59.64,1216025
8-Sep-16,60.83,61.13,60.41,60.92,800571
7-Sep-16,61.04,61.73,60.84,61.08,1281389
6-Sep-16,59.66,61.39,59.57,61.05,2143667
2-Sep-16,58.50,59.47,58.10,59.39,1988068
1-Sep-16,57.86,58.29,57.39,58.19,1680475
31-Aug-16,58.61,58.96,57.81,58.24,1838194
30-Aug-16,59.77,60.23,58.16,58.77,1899025
29-Aug-16,58.88,60.57,58.69,59.75,3190719
26-Aug-16,61.00,61.88,57.58,58.52,10825305
25-Aug-16,64.34,65.42,63.98,65.10,2387267
24-Aug-16,64.85,65.08,63.92,64.23,1159729
23-Aug-16,64.44,65.33,64.30,64.85,1930926
22-Aug-16,64.77,64.77,63.64,63.86,1163236
19-Aug-16,64.06,65.00,63.52,64.79,1280576
18-Aug-16,63.30,64.22,62.68,63.83,1126818
17-Aug-16,64.00,64.15,62.57,63.12,1564047
16-Aug-16,64.65,64.77,63.55,63.78,1262114
15-Aug-16,64.38,65.75,64.12,64.91,1622324
12-Aug-16,63.52,64.41,62.96,64.23,1314327
11-Aug-16,62.27,63.90,62.27,63.45,1278279
10-Aug-16,62.54,63.48,61.68,62.17,960572
9-Aug-16,61.17,62.75,60.92,62.57,1174761
8-Aug-16,61.24,62.41,61.00,61.34,1586346
5-Aug-16,59.84,60.43,59.68,60.14,1170424
4-Aug-16,60.21,60.67,59.43,59.85,1109256
3-Aug-16,59.65,60.42,58.52,60.09,1760485
2-Aug-16,62.02,62.18,59.30,60.00,1976619
1-Aug-16,62.34,62.99,61.70,62.04,1331878
29-Jul-16,61.72,62.63,60.31,62.54,1692405
28-Jul-16,60.87,62.21,59.79,62.12,1828402
27-Jul-16,60.14,60.25,59.13,59.50,949117
26-Jul-16,59.52,60.40,59.22,59.69,1273141
25-Jul-16,59.46,60.20,58.62,59.82,1103209
22-Jul-16,58.43,59.49,57.88,59.40,1061442
21-Jul-16,59.49,60.54,58.10,58.32,1088601
20-Jul-16,57.47,60.08,57.17,59.49,1771652
19-Jul-16,58.21,58.64,57.76,58.14,1036089
18-Jul-16,58.79,59.65,58.00,58.04,1295491
15-Jul-16,58.39,58.89,57.03,58.71,1124913
14-Jul-16,59.00,59.20,58.32,58.44,1021054
13-Jul-16,59.32,59.70,58.16,58.32,1224923
12-Jul-16,56.95,59.16,56.69,59.00,1758553
11-Jul-16,57.16,57.80,56.82,57.36,1201950
8-Jul-16,55.23,57.02,54.97,56.63,1353715
7-Jul-16,54.54,55.38,54.33,54.87,1245963
6-Jul-16,53.14,54.23,52.97,54.00,1587903
5-Jul-16,54.26,54.50,52.85,53.75,1305087
1-Jul-16,54.19,55.15,53.90,54.56,1125770
30-Jun-16,55.13,55.37,53.31,54.18,1700453
29-Jun-16,54.30,55.79,53.88,55.31,1569389
28-Jun-16,52.33,54.06,51.88,53.34,4238460
27-Jun-16,54.31,54.36,50.60,50.97,2712557
24-Jun-16,56.29,57.19,54.46,54.82,2818995
23-Jun-16,58.50,60.00,57.91,59.98,1502370
22-Jun-16,59.14,59.58,58.12,58.20,1320947
21-Jun-16,59.24,59.97,59.01,59.56,1528501
20-Jun-16,58.51,59.94,58.41,58.88,1519809
17-Jun-16,58.00,58.37,57.51,57.94,1414575
16-Jun-16,56.98,58.13,56.48,58.01,1263548
15-Jun-16,56.80,58.90,56.65,57.91,2256011
14-Jun-16,55.58,56.88,55.50,56.64,1572679
13-Jun-16,55.66,57.40,55.26,56.31,1533340
10-Jun-16,58.07,58.28,55.95,56.15,2280483
9-Jun-16,58.95,60.00,58.56,59.01,2344073
8-Jun-16,59.68,60.00,59.28,59.55,1723491
7-Jun-16,58.86,59.78,58.85,59.60,1773768
6-Jun-16,58.04,59.30,57.38,59.13,1294797
3-Jun-16,58.20,58.20,56.82,57.80,2181818
2-Jun-16,58.04,59.12,57.64,58.47,2519808
1-Jun-16,57.01,58.38,56.68,58.24,2458874
31-May-16,56.00,57.82,55.81,57.45,3411410
27-May-16,52.00,56.99,52.00,56.34,6021941
26-May-16,54.62,55.21,53.75,54.93,3170918
25-May-16,54.94,55.10,54.03,54.36,1739000
24-May-16,53.98,55.04,53.70,54.34,1927922
23-May-16,52.99,54.46,52.69,53.71,2740910
20-May-16,50.65,52.96,49.36,52.85,2200918
19-May-16,50.30,51.83,49.71,50.51,1747381
18-May-16,48.60,50.54,48.50,50.21,2147445
17-May-16,47.82,49.71,47.56,48.95,1745853
16-May-16,46.85,48.40,46.58,47.92,1182577
13-May-16,46.82,47.36,46.44,46.60,1732536
12-May-16,48.63,48.63,46.37,47.04,2025453
11-May-16,48.15,49.06,48.00,48.18,706960
10-May-16,47.22,48.50,46.82,48.45,861837
9-May-16,46.67,47.60,46.20,47.15,1105663
6-May-16,46.79,47.91,45.07,46.81,2635165
5-May-16,49.12,49.32,47.43,47.74,2146067
4-May-16,50.67,50.88,48.22,48.87,2747681
3-May-16,51.89,52.50,50.26,51.01,1598761
2-May-16,52.34,52.88,51.56,52.71,1294827
29-Apr-16,52.34,52.64,51.29,51.98,2444360
28-Apr-16,52.79,53.98,52.26,52.41,1603834
27-Apr-16,51.38,53.34,51.38,53.03,1289507
26-Apr-16,52.01,52.42,51.22,51.65,616287
25-Apr-16,51.77,52.60,51.62,51.81,1261954
22-Apr-16,51.30,52.00,50.50,51.81,1268042
21-Apr-16,50.91,52.89,50.81,51.57,1714321
20-Apr-16,48.87,50.42,48.47,49.71,1494881
19-Apr-16,49.91,49.99,48.02,48.73,955824
18-Apr-16,49.80,50.61,49.35,49.66,1277779
15-Apr-16,49.37,50.00,48.98,49.87,716647
14-Apr-16,49.37,49.89,48.84,49.42,550399
13-Apr-16,48.25,49.78,48.10,49.59,948444
12-Apr-16,48.71,48.73,47.02,47.79,1266764
11-Apr-16,49.35,49.94,48.68,48.73,1256914
8-Apr-16,49.19,49.71,48.41,49.49,1869650
7-Apr-16,48.88,49.26,48.23,48.39,1370097
6-Apr-16,48.21,49.51,47.59,49.51,1213184
5-Apr-16,48.21,49.01,47.75,48.02,907308
4-Apr-16,49.27,50.03,49.01,49.33,1283420
1-Apr-16,48.56,49.77,47.61,49.46,1344898
31-Mar-16,48.24,49.55,48.22,48.93,1375880
30-Mar-16,48.90,49.69,48.46,48.60,960151
29-Mar-16,46.85,48.95,46.28,48.91,1564927
28-Mar-16,47.32,47.75,46.61,46.95,798022
24-Mar-16,46.81,47.77,45.80,47.77,1140147
23-Mar-16,48.15,48.38,47.00,47.13,1358258
22-Mar-16,47.44,49.37,47.14,48.30,1680660
21-Mar-16,47.67,48.30,47.18,47.58,1265199
18-Mar-16,47.59,49.21,47.45,47.76,2541994
17-Mar-16,47.50,48.21,46.46,47.27,1566058
16-Mar-16,45.88,47.87,45.73,47.83,1433328
15-Mar-16,46.70,47.14,45.56,46.12,1773022
14-Mar-16,47.33,47.61,46.87,47.14,1829644
11-Mar-16,46.41,48.02,46.26,47.95,1199830
10-Mar-16,47.20,47.30,45.09,46.10,1370624
9-Mar-16,45.72,47.03,45.44,46.83,1476550
8-Mar-16,46.22,46.80,45.24,45.34,1568570
7-Mar-16,45.95,47.62,45.62,46.69,1693264
4-Mar-16,46.86,47.86,46.14,46.25,2138700
3-Mar-16,45.01,46.32,44.16,46.14,1525724
2-Mar-16,46.02,46.20,44.10,44.97,2685344
1-Mar-16,44.27,46.09,43.79,45.99,3834842
29-Feb-16,41.48,44.63,41.39,43.60,4691212
26-Feb-16,44.10,44.84,40.78,41.51,8529215
25-Feb-16,37.60,39.33,36.66,38.53,4700891
24-Feb-16,34.77,36.69,33.77,36.58,2413929
23-Feb-16,36.00,36.28,35.02,35.24,2114347
22-Feb-16,35.01,36.46,35.01,35.92,2104798
19-Feb-16,33.69,34.92,33.61,34.84,3879366
18-Feb-16,34.90,34.90,33.13,33.74,1961744
17-Feb-16,32.60,34.58,32.60,34.52,2438337
16-Feb-16,31.85,32.81,31.28,32.24,1936297
12-Feb-16,31.16,32.15,30.62,31.32,2122678
11-Feb-16,31.06,31.87,29.85,30.86,4240470
10-Feb-16,32.26,33.92,31.36,31.64,4379672
9-Feb-16,31.41,34.26,31.01,31.92,4205978
8-Feb-16,35.14,35.21,31.57,31.92,6068111
5-Feb-16,40.79,41.99,33.77,36.23,12159207
4-Feb-16,46.87,48.21,45.93,47.09,1512768
3-Feb-16,46.72,47.35,44.61,47.00,1477056
2-Feb-16,47.36,47.36,45.44,45.81,1018280
1-Feb-16,46.23,48.34,45.78,47.90,1658914
29-Jan-16,44.78,46.38,44.70,46.29,2058253
28-Jan-16,46.40,46.46,43.80,44.34,2549641
27-Jan-16,48.18,48.58,46.54,47.07,1927010
26-Jan-16,48.79,49.16,47.00,48.62,1307168
25-Jan-16,50.34,50.81,48.45,48.66,1551242
22-Jan-16,49.95,51.99,49.31,50.23,1371084
21-Jan-16,48.27,49.94,46.80,48.49,2154058
20-Jan-16,47.17,48.45,44.04,47.75,4176202
19-Jan-16,50.70,51.64,47.54,48.45,3135733
15-Jan-16,49.11,50.48,47.53,50.48,2925031
14-Jan-16,49.84,51.09,48.01,50.76,2345134
13-Jan-16,52.86,54.10,49.83,50.27,2458484
12-Jan-16,51.94,53.18,51.18,52.30,1382546
11-Jan-16,52.51,52.57,50.20,51.35,2112379
8-Jan-16,52.97,54.31,51.88,52.01,1870740
7-Jan-16,54.00,55.28,52.38,52.98,2190398
6-Jan-16,56.13,56.41,54.16,55.19,1770059
5-Jan-16,57.90,58.67,56.75,57.20,1279468
4-Jan-16,57.65,58.00,56.28,57.65,1547588
31-Dec-15,58.52,59.86,58.10,58.81,1399887
30-Dec-15,58.25,59.75,57.83,58.79,1826971
29-Dec-15,58.00,58.80,57.59,58.40,1597985
28-Dec-15,56.44,57.99,56.10,57.66,2000462
24-Dec-15,56.16,57.02,56.12,56.78,720551
23-Dec-15,54.60,56.67,53.90,56.51,1305593
22-Dec-15,54.23,54.61,53.52,54.37,809810
21-Dec-15,53.99,54.55,53.50,54.46,1647836
18-Dec-15,54.40,55.07,53.05,53.68,3294462
17-Dec-15,55.47,55.80,52.90,54.30,1721289
16-Dec-15,54.11,55.57,53.78,55.42,1607039
15-Dec-15,53.12,54.39,52.90,53.83,2318364
14-Dec-15,52.75,54.38,51.62,52.40,1949639
11-Dec-15,55.52,56.44,52.58,53.22,3992853
10-Dec-15,56.73,57.38,55.80,56.82,1297545
9-Dec-15,57.77,58.71,56.42,56.74,1170301
8-Dec-15,57.04,58.53,56.24,57.97,1093859
7-Dec-15,58.69,58.97,57.10,57.80,1367729
4-Dec-15,58.63,59.47,57.88,58.70,1225377
3-Dec-15,60.31,60.38,57.71,58.27,1594015
2-Dec-15,60.80,61.27,59.56,59.93,1340621
1-Dec-15,59.50,60.88,59.50,60.67,1588270
30-Nov-15,59.98,60.40,58.69,59.50,1335987
27-Nov-15,58.93,59.98,58.76,59.84,681677
25-Nov-15,59.10,59.97,59.04,59.14,1111023
24-Nov-15,57.97,59.84,57.77,59.50,1767721
23-Nov-15,60.30,60.50,58.33,58.49,3666778
20-Nov-15,64.88,66.90,60.15,60.54,7394026
19-Nov-15,62.36,63.29,61.54,62.76,2868102
18-Nov-15,61.26,62.09,60.80,61.92,1741945
17-Nov-15,60.45,61.90,60.12,61.22,1971088
16-Nov-15,59.17,60.42,58.66,60.03,1714314
13-Nov-15,58.63,59.60,57.45,59.00,1706208
12-Nov-15,56.88,61.38,56.88,58.78,1870541
11-Nov-15,58.04,58.32,56.24,57.17,900811
10-Nov-15,58.59,58.93,56.59,57.67,1274580
9-Nov-15,60.17,60.44,58.17,59.07,1028131
6-Nov-15,57.70,61.09,57.31,60.17,2640894
5-Nov-15,57.20,57.50,55.27,55.35,1827168
4-Nov-15,57.17,58.55,57.09,57.47,1667661
3-Nov-15,56.57,57.67,56.44,57.14,1214730
2-Nov-15,56.42,57.43,56.00,56.81,1158017
30-Oct-15,56.79,56.81,55.38,56.16,1112170
29-Oct-15,57.07,58.34,55.87,55.98,1176245
28-Oct-15,54.98,57.63,54.08,57.24,1678928
27-Oct-15,54.99,55.03,53.75,54.64,1676910
26-Oct-15,56.49,56.53,54.65,55.04,4683685
23-Oct-15,57.06,57.26,55.11,56.25,1818479
22-Oct-15,55.18,57.82,54.88,57.06,1615462
21-Oct-15,57.84,58.06,54.86,54.96,1644444
20-Oct-15,58.87,59.62,57.28,57.76,1036614
19-Oct-15,57.62,60.00,57.55,58.79,1429035
16-Oct-15,56.32,57.77,55.82,57.68,1204715
15-Oct-15,55.14,56.69,54.66,56.21,1652798
14-Oct-15,55.80,56.92,54.85,54.96,1189949
13-Oct-15,56.99,58.02,55.81,55.95,848571
12-Oct-15,57.87,58.05,56.78,57.25,1077665
9-Oct-15,56.80,58.30,56.05,58.21,1246309
8-Oct-15,57.36,57.36,54.81,56.37,1516667
7-Oct-15,55.42,57.48,54.33,57.44,1817367
6-Oct-15,55.48,56.99,54.66,55.29,1856422
5-Oct-15,56.36,56.36,53.80,55.30,3280394
2-Oct-15,55.01,56.59,54.24,56.36,1900155
1-Oct-15,55.33,55.99,54.10,55.92,1465682
30-Sep-15,54.73,56.20,54.37,55.35,2060079
29-Sep-15,53.87,54.62,51.71,54.44,2178604
28-Sep-15,56.78,57.00,53.64,54.02,2075299
25-Sep-15,58.61,59.86,56.80,57.21,1582047
24-Sep-15,58.25,58.41,56.35,57.86,2100269
23-Sep-15,57.34,59.09,57.12,58.61,1752179
22-Sep-15,58.78,58.92,56.28,57.63,1539648
21-Sep-15,58.84,61.14,58.78,59.51,1262097
18-Sep-15,57.22,59.88,57.22,58.54,2043034
17-Sep-15,59.24,59.50,58.14,58.65,1385197
16-Sep-15,59.32,59.62,58.55,59.21,1023915
15-Sep-15,59.28,59.71,58.40,59.43,1305923
14-Sep-15,59.57,59.69,58.51,59.35,926802
11-Sep-15,59.48,59.98,58.50,59.65,1478416
10-Sep-15,58.99,60.71,58.32,60.06,1044902
9-Sep-15,61.48,61.87,59.01,59.18,1598024
8-Sep-15,59.57,61.08,58.87,60.95,1277851
4-Sep-15,58.84,59.51,58.01,58.27,1252660
3-Sep-15,59.50,61.61,59.50,59.92,2313720
2-Sep-15,60.30,60.60,55.47,59.10,2511305
1-Sep-15,60.21,61.44,59.19,59.59,2461990
31-Aug-15,62.21,63.76,61.78,61.97,2054652
28-Aug-15,65.78,66.81,60.01,62.78,6219619
27-Aug-15,62.20,64.89,60.84,64.24,3871696
26-Aug-15,61.39,61.79,58.91,61.48,1549914
25-Aug-15,62.74,62.99,59.16,59.16,1702825
24-Aug-15,55.01,63.39,55.01,59.64,2929237
21-Aug-15,63.34,64.75,61.64,62.13,2637887
20-Aug-15,68.15,69.00,64.33,64.39,1943942
19-Aug-15,69.80,70.19,68.16,68.78,857077
18-Aug-15,70.67,71.75,69.59,69.92,808099
17-Aug-15,69.31,70.76,68.69,70.73,654638
14-Aug-15,68.99,70.00,68.06,69.78,867949
13-Aug-15,68.13,69.62,67.78,68.97,831261
12-Aug-15,67.53,68.33,66.66,68.03,1434097
11-Aug-15,68.84,70.68,67.14,68.01,1312390
10-Aug-15,68.19,70.30,67.96,69.40,1210708
7-Aug-15,68.43,68.45,66.06,67.67,1595480
6-Aug-15,69.05,69.95,67.12,68.31,2456883
5-Aug-15,68.68,70.29,68.68,69.31,1288895
4-Aug-15,68.15,69.39,67.51,68.11,1485096
3-Aug-15,69.91,69.99,67.44,68.86,1916845
31-Jul-15,69.30,70.81,68.63,69.94,1221719
30-Jul-15,69.40,69.68,67.41,69.25,1190046
29-Jul-15,67.30,69.42,67.30,68.97,2472901
28-Jul-15,71.20,71.52,68.83,70.89,1695512
27-Jul-15,72.83,72.95,70.21,70.60,1517763
24-Jul-15,75.42,76.85,72.90,73.91,1691584
23-Jul-15,73.75,76.29,73.35,74.82,1820101
22-Jul-15,72.44,74.00,72.06,73.27,962177
21-Jul-15,73.13,73.68,71.82,73.01,995800
20-Jul-15,73.16,73.94,72.46,73.20,845526
17-Jul-15,73.77,73.80,71.94,72.88,1152255
16-Jul-15,71.87,73.47,71.50,72.60,1564536
15-Jul-15,71.70,72.82,71.27,71.62,1119768
14-Jul-15,71.41,72.67,70.80,72.22,1101128
13-Jul-15,72.52,72.88,70.94,71.17,1394688
10-Jul-15,70.87,72.54,70.09,71.84,1634309
9-Jul-15,68.40,70.00,68.14,69.00,1420600
8-Jul-15,67.27,68.49,66.95,67.35,1432048
7-Jul-15,68.52,68.68,65.88,68.33,2052337
6-Jul-15,68.76,69.43,68.08,68.57,1184632
2-Jul-15,69.78,70.26,68.60,69.72,937174
1-Jul-15,71.41,71.49,69.03,69.47,1000347
30-Jun-15,69.00,69.84,68.14,69.62,1301500
29-Jun-15,68.66,70.27,67.85,68.06,1776085
26-Jun-15,72.29,72.37,69.39,70.38,2772634
25-Jun-15,71.89,72.61,71.54,72.35,944100
24-Jun-15,72.92,73.04,70.72,71.31,1510362
23-Jun-15,73.42,73.83,72.35,72.89,1356659
22-Jun-15,73.76,74.13,72.85,73.60,1251513
19-Jun-15,73.24,73.42,72.67,73.19,2229826
18-Jun-15,71.87,73.48,71.18,73.07,2486954
17-Jun-15,70.71,72.35,70.64,71.54,2348021
16-Jun-15,70.09,70.99,69.35,70.58,1404530
15-Jun-15,68.04,70.47,67.60,70.25,2159436
12-Jun-15,67.63,70.40,67.60,68.92,2463047
11-Jun-15,69.88,70.00,68.67,69.16,2097035
10-Jun-15,67.93,69.75,67.72,69.48,1553967
9-Jun-15,68.08,68.17,66.45,67.39,1474940
8-Jun-15,68.28,69.40,67.46,67.95,2173836
5-Jun-15,65.36,68.99,65.06,68.66,2924215
4-Jun-15,66.21,66.73,64.70,65.39,2150229
3-Jun-15,67.05,67.65,66.07,66.78,1724694
2-Jun-15,66.39,67.43,65.18,66.16,2122589
1-Jun-15,67.07,68.00,66.18,66.46,2831029
29-May-15,68.64,69.85,65.81,67.62,13456217
28-May-15,69.00,71.50,68.29,71.07,5321257
27-May-15,67.51,69.37,66.22,69.36,2615435
26-May-15,68.46,69.28,67.95,68.30,2673375
22-May-15,69.29,69.52,68.24,68.94,1518419
21-May-15,68.39,69.79,68.02,69.35,1864867
20-May-15,69.33,69.68,67.61,68.02,2049332
19-May-15,67.75,68.47,67.33,67.94,1930195
18-May-15,68.90,69.00,66.70,67.03,3915601
15-May-15,70.33,70.97,69.88,70.25,1978979
14-May-15,69.99,70.62,68.62,70.42,2107610
13-May-15,67.65,70.00,67.39,69.71,2126106
12-May-15,67.23,68.30,66.10,67.67,1019765
11-May-15,69.00,69.00,67.28,67.38,1375473
8-May-15,68.01,69.90,67.96,68.56,2426477
7-May-15,66.00,67.38,65.60,66.59,1364419
6-May-15,66.00,66.65,64.83,66.06,1231422
5-May-15,66.80,67.38,65.10,65.73,1603067
4-May-15,66.70,67.82,66.61,67.17,1104205
1-May-15,66.62,67.41,65.52,66.71,1507480
30-Apr-15,67.13,67.66,65.35,66.34,1793463
29-Apr-15,66.36,69.00,66.01,67.92,1754016
28-Apr-15,67.15,67.62,64.89,66.63,1372546
27-Apr-15,68.27,69.65,67.00,67.32,1816178
24-Apr-15,68.00,68.34,66.57,67.88,1455227
23-Apr-15,65.72,68.69,65.50,67.81,2558945
22-Apr-15,64.75,66.05,64.50,65.92,1727178
21-Apr-15,63.95,65.17,63.95,64.23,1388313
20-Apr-15,63.31,64.35,61.90,63.74,1519207
17-Apr-15,63.92,63.94,61.23,62.41,2391870
16-Apr-15,63.40,65.20,63.11,64.67,2292916
15-Apr-15,61.96,63.62,61.96,63.45,1461150
14-Apr-15,62.63,63.15,60.86,62.07,1684151
13-Apr-15,63.08,64.19,62.41,62.47,1150549
10-Apr-15,63.96,64.50,63.11,63.17,1158850
9-Apr-15,63.57,64.05,62.50,63.79,1698968
8-Apr-15,62.17,64.05,62.13,63.37,1729849
7-Apr-15,61.83,63.74,60.91,62.09,3007079
6-Apr-15,59.80,60.96,59.06,60.18,1307221
2-Apr-15,58.09,59.39,57.83,59.23,1139047
1-Apr-15,58.88,59.11,57.24,57.82,2005783
31-Mar-15,59.39,60.39,58.94,59.20,1400542
30-Mar-15,60.47,61.34,59.66,60.11,1502071
27-Mar-15,59.57,60.59,59.00,60.40,1411699
26-Mar-15,58.38,60.03,57.65,59.58,2004671
25-Mar-15,60.41,60.45,58.06,58.72,2097899
24-Mar-15,60.75,61.72,60.00,60.04,1686818
23-Mar-15,61.91,62.74,60.62,60.72,1642489
20-Mar-15,64.08,64.46,61.65,62.12,1977865
19-Mar-15,63.85,64.68,63.14,63.73,1449147
18-Mar-15,62.29,64.90,62.12,64.33,2573092
17-Mar-15,61.56,63.00,61.53,62.84,1337942
16-Mar-15,62.93,63.21,60.39,62.07,1959284
13-Mar-15,62.25,63.17,61.85,62.82,2087907
12-Mar-15,60.70,62.99,60.55,62.83,2034834
11-Mar-15,61.07,62.07,60.29,60.83,1836014
10-Mar-15,60.71,61.50,60.13,60.81,1897760
9-Mar-15,62.53,62.74,61.25,61.83,1625713
6-Mar-15,64.17,64.96,62.00,62.48,1653290
5-Mar-15,64.01,64.80,63.48,64.65,1676550
4-Mar-15,65.05,65.43,61.84,63.67,4006365
3-Mar-15,66.53,66.85,65.04,65.68,2021534
2-Mar-15,67.00,68.39,65.66,67.12,3930701
27-Feb-15,74.84,74.88,67.15,67.25,16870421
26-Feb-15,68.20,69.89,67.88,69.57,4721745
25-Feb-15,65.69,67.56,65.43,67.50,1785137
24-Feb-15,67.25,67.85,64.69,66.44,3587520
23-Feb-15,68.86,69.09,67.85,68.60,1385750
20-Feb-15,68.29,68.99,67.81,68.94,2203166
19-Feb-15,67.05,68.34,65.16,68.06,2088380
18-Feb-15,65.40,66.22,63.85,65.90,1982321
17-Feb-15,64.19,64.19,62.50,63.83,1975618
13-Feb-15,62.29,65.12,62.00,64.18,2604210
12-Feb-15,61.79,62.59,60.53,61.93,1407486
11-Feb-15,58.92,60.90,58.42,60.60,1042682
10-Feb-15,61.11,61.11,58.76,58.98,1723955
9-Feb-15,62.00,62.02,60.09,60.48,1675003
6-Feb-15,61.52,62.93,60.91,62.46,2029340
5-Feb-15,58.70,61.15,57.61,61.06,2896094
4-Feb-15,55.28,56.66,55.13,56.19,1728796
3-Feb-15,53.40,55.64,53.31,55.60,1930544
2-Feb-15,52.08,53.68,51.41,53.35,2320406
30-Jan-15,53.48,53.50,51.60,51.65,1444584
29-Jan-15,53.38,54.04,51.78,53.69,1989672
28-Jan-15,55.90,56.28,53.32,53.41,1217741
27-Jan-15,55.98,56.30,54.32,55.53,861710
26-Jan-15,56.90,57.27,55.66,56.74,1132682
23-Jan-15,55.66,57.52,55.45,56.89,1160456
22-Jan-15,56.03,56.43,54.33,55.94,1321302
21-Jan-15,54.67,56.17,54.02,55.65,1599839
20-Jan-15,55.34,55.48,53.77,54.94,910306
16-Jan-15,54.05,55.68,53.85,55.28,1362139
15-Jan-15,56.98,57.49,53.92,54.17,1420948
14-Jan-15,55.92,57.26,55.10,57.00,1266251
13-Jan-15,57.74,59.59,56.18,57.31,1241880
12-Jan-15,57.44,57.65,56.21,57.10,1071167
9-Jan-15,58.52,58.97,56.59,57.64,1323343
8-Jan-15,56.87,58.54,56.33,58.45,1437530
7-Jan-15,57.10,57.57,55.33,56.24,1327547
6-Jan-15,57.14,57.45,53.78,55.78,2021547
5-Jan-15,58.28,59.17,56.04,56.84,2105165
2-Jan-15,59.31,59.95,57.28,58.79,960710
31-Dec-14,60.09,60.74,58.87,58.95,892052
30-Dec-14,61.08,61.22,59.22,59.77,926755
29-Dec-14,62.82,63.12,60.98,61.70,740601
26-Dec-14,61.63,64.00,61.03,62.98,1163725
24-Dec-14,61.56,62.12,61.26,61.49,499196
23-Dec-14,61.76,62.80,61.46,61.60,1337958
22-Dec-14,61.39,62.20,60.66,61.45,1500057
19-Dec-14,59.36,62.23,59.25,61.60,2563796
18-Dec-14,57.77,59.66,57.54,59.19,2476396
17-Dec-14,53.90,57.00,53.90,56.62,1837609
16-Dec-14,54.22,55.76,53.54,53.75,2265157
15-Dec-14,56.51,56.96,54.19,54.87,2233300
12-Dec-14,56.24,57.07,55.40,55.77,2377065
11-Dec-14,59.95,61.54,56.98,57.26,3182318
10-Dec-14,62.21,62.86,58.91,59.52,1967082
9-Dec-14,61.29,62.72,59.62,62.61,2511958
8-Dec-14,67.96,67.96,62.49,62.80,1940661
5-Dec-14,64.20,66.51,63.96,65.85,1459096
4-Dec-14,63.70,65.56,62.95,64.03,1348119
3-Dec-14,63.50,64.05,62.46,63.63,1119072
2-Dec-14,63.92,64.14,62.19,63.19,1628825
1-Dec-14,66.89,67.00,63.50,63.73,1853856
28-Nov-14,68.07,68.21,66.84,67.10,659916
26-Nov-14,65.66,68.11,64.89,68.01,1683751
25-Nov-14,66.90,67.87,65.01,65.63,1872259
24-Nov-14,66.95,68.40,65.76,66.96,2519856
21-Nov-14,71.00,72.25,66.75,66.93,6509492
20-Nov-14,62.75,65.11,62.06,64.94,2583106
19-Nov-14,65.50,65.89,61.94,63.90,2403438
18-Nov-14,65.07,67.07,64.80,65.96,2147186
17-Nov-14,68.35,68.93,64.40,64.78,2102637
14-Nov-14,67.38,68.97,66.33,68.35,1445080
13-Nov-14,68.39,69.10,65.43,67.36,1960233
12-Nov-14,66.75,69.18,66.74,67.96,2941712
11-Nov-14,66.73,67.28,65.83,67.03,1287041
10-Nov-14,67.09,67.65,65.73,66.76,1645050
7-Nov-14,66.29,67.69,65.31,66.87,2330598
6-Nov-14,64.54,66.24,63.78,64.83,1700497
5-Nov-14,65.08,65.69,62.17,62.99,1594771
4-Nov-14,64.35,64.96,62.88,64.29,1573773
3-Nov-14,65.91,66.30,63.87,64.35,1845446
31-Oct-14,67.00,68.20,64.73,66.08,2365470
30-Oct-14,63.80,66.44,63.41,65.70,1737233
29-Oct-14,66.27,66.27,63.43,64.18,2371455
28-Oct-14,63.13,67.08,62.70,66.57,3200097
27-Oct-14,62.70,64.00,61.90,62.55,1649728
24-Oct-14,59.81,63.75,59.65,63.24,3150999
23-Oct-14,56.70,61.50,56.41,59.83,3721986
22-Oct-14,57.98,58.21,55.22,55.70,2568322
21-Oct-14,56.53,58.91,56.00,58.32,1719307
20-Oct-14,55.74,57.05,54.85,55.91,1696554
17-Oct-14,56.22,58.76,55.76,56.58,2815033
16-Oct-14,51.34,56.17,51.30,54.74,2068392
15-Oct-14,50.00,54.40,49.61,53.43,2355398
14-Oct-14,51.87,53.35,50.37,51.74,1991582
13-Oct-14,54.20,54.86,49.61,51.26,4565529
10-Oct-14,57.23,58.94,53.12,53.22,3241521
9-Oct-14,58.42,59.83,57.07,57.50,2277606
8-Oct-14,58.07,58.82,55.29,58.60,2424190
7-Oct-14,59.11,60.66,57.19,57.25,2971827
6-Oct-14,61.48,63.55,59.61,59.71,3421738
3-Oct-14,56.09,60.42,55.50,59.21,3772813
2-Oct-14,54.05,55.91,52.51,55.29,2164593
1-Oct-14,54.79,54.89,52.76,53.51,2041650
30-Sep-14,55.49,56.00,53.97,55.36,1612108
29-Sep-14,54.43,56.16,54.14,55.22,1628477
26-Sep-14,54.68,55.64,54.22,55.57,1258029
25-Sep-14,55.60,56.64,53.54,54.06,1961437
24-Sep-14,54.68,56.06,53.95,56.05,1821258
23-Sep-14,54.22,55.97,54.10,54.59,1975515
22-Sep-14,56.00,56.20,53.75,54.59,2647140
19-Sep-14,56.48,56.72,54.82,56.21,3091257
18-Sep-14,56.66,57.06,55.76,56.25,1320768
17-Sep-14,56.20,57.43,55.79,56.36,1615092
16-Sep-14,55.26,56.93,54.78,56.48,2172249
15-Sep-14,58.91,59.10,54.00,55.64,3750282
12-Sep-14,60.00,60.90,58.96,59.02,2779441
11-Sep-14,58.82,61.36,58.36,60.51,3421113
10-Sep-14,57.41,59.88,57.00,59.54,2355971
9-Sep-14,59.09,59.71,57.22,57.47,2112211
8-Sep-14,58.70,60.74,58.54,59.42,4281497
5-Sep-14,56.98,59.80,56.32,59.23,5070229
4-Sep-14,57.33,57.96,56.08,57.10,3437646
3-Sep-14,60.31,60.35,55.30,56.97,7732893
2-Sep-14,53.75,60.16,53.36,59.93,13453876
29-Aug-14,48.72,54.95,48.55,53.93,20229567
28-Aug-14,45.89,46.22,45.10,45.29,3881143
27-Aug-14,46.37,46.48,45.51,45.90,1735855
26-Aug-14,43.72,46.81,43.65,46.22,2547787
25-Aug-14,44.57,44.57,43.25,43.68,1731001
22-Aug-14,42.11,44.03,40.90,43.95,2542144
21-Aug-14,43.13,43.77,42.15,42.21,2085824
20-Aug-14,43.84,43.88,42.79,42.90,2102681
19-Aug-14,43.71,44.44,43.63,44.18,984764
18-Aug-14,43.17,43.77,43.09,43.48,1163926
15-Aug-14,42.97,43.47,42.40,42.75,1742070
14-Aug-14,42.88,42.99,42.05,42.80,1913634
13-Aug-14,41.58,42.42,41.01,42.36,1742134
12-Aug-14,42.02,42.37,40.80,41.05,1172806
11-Aug-14,41.30,42.36,40.89,41.93,2225066
8-Aug-14,41.99,42.40,40.71,41.07,2608909
7-Aug-14,42.68,42.72,41.32,41.85,2906092
6-Aug-14,43.00,43.22,41.77,42.27,2971531
5-Aug-14,45.06,45.75,43.61,44.11,1830476
4-Aug-14,44.59,45.52,43.90,45.40,1492331
1-Aug-14,47.10,47.24,43.52,44.27,3811128
31-Jul-14,49.38,49.56,46.95,47.02,2329351
30-Jul-14,47.87,50.97,47.39,50.39,2748688
29-Jul-14,47.38,48.25,46.71,47.76,1064313
28-Jul-14,47.88,48.22,46.46,47.19,1273942
25-Jul-14,47.61,48.58,47.06,47.88,1107528
24-Jul-14,47.33,48.21,46.87,47.92,1657219
23-Jul-14,46.62,47.69,46.46,47.33,976572
22-Jul-14,46.61,47.80,46.37,46.79,1346342
21-Jul-14,46.22,46.96,45.40,46.09,1323105
18-Jul-14,46.24,47.02,45.98,46.43,1367496
17-Jul-14,46.00,46.87,45.53,45.78,1798312
16-Jul-14,47.29,47.43,46.22,46.54,1270350
15-Jul-14,47.91,48.28,46.07,46.38,2164243
14-Jul-14,47.57,49.25,47.50,48.03,1602424
11-Jul-14,47.32,47.92,46.21,47.24,1280213
10-Jul-14,45.18,47.95,45.02,47.01,3432675
9-Jul-14,48.04,49.08,46.92,47.87,3621086
8-Jul-14,51.59,51.74,45.80,48.01,7373968
7-Jul-14,53.59,54.17,51.64,51.80,2965103
3-Jul-14,55.03,55.25,52.24,53.75,2513718
2-Jul-14,56.25,56.63,54.81,55.08,2180594
1-Jul-14,55.50,56.62,55.26,56.31,3335222
30-Jun-14,54.50,55.59,54.31,55.33,2171267
27-Jun-14,53.84,54.80,53.57,54.58,2596262
26-Jun-14,53.45,54.72,53.09,53.96,2940307
25-Jun-14,52.99,53.40,51.60,53.30,2925674
24-Jun-14,52.56,54.10,51.94,52.63,4330510
23-Jun-14,50.65,52.62,50.28,52.49,3414703
20-Jun-14,51.30,51.63,49.58,50.70,3838444
19-Jun-14,50.95,51.69,50.50,51.30,3944564
18-Jun-14,49.35,51.03,48.27,50.53,4418292
17-Jun-14,48.87,49.37,47.60,48.98,2713489
16-Jun-14,46.72,49.36,46.50,49.15,3570352
13-Jun-14,45.83,47.24,44.76,47.17,2792423
12-Jun-14,44.85,46.95,44.03,45.75,3438418
11-Jun-14,43.71,45.00,43.55,44.81,2491157
10-Jun-14,44.01,44.72,43.23,43.85,1648153
9-Jun-14,43.29,45.24,42.70,43.95,3442808
6-Jun-14,43.00,43.49,42.01,43.18,3151709
5-Jun-14,40.85,43.29,40.01,42.92,5763426
4-Jun-14,40.13,41.25,39.76,40.39,2662000
3-Jun-14,41.69,41.97,39.35,40.50,5690658
2-Jun-14,41.96,43.31,41.22,41.97,5660720
30-May-14,46.92,47.00,41.05,41.86,19324936
29-May-14,49.93,50.50,48.53,50.04,5402319
28-May-14,50.35,50.74,47.82,48.88,5671667
27-May-14,47.24,49.68,47.24,48.89,4619076
23-May-14,46.33,46.33,44.29,45.99,2700113
22-May-14,44.39,46.45,44.00,45.75,3829731
21-May-14,44.50,45.34,43.03,44.52,3082696
20-May-14,43.43,45.54,42.30,44.16,4950768
19-May-14,43.68,45.28,43.22,44.00,3798169
16-May-14,43.58,44.25,42.14,43.76,4550504
15-May-14,44.13,44.59,41.07,43.60,6254279
14-May-14,43.81,46.21,43.42,43.70,4806293
13-May-14,48.23,48.50,43.96,44.07,5181344
12-May-14,47.02,48.81,46.34,48.23,3558629
9-May-14,46.25,47.37,45.41,46.50,2782171
8-May-14,48.30,49.75,46.38,46.65,4037587
7-May-14,51.40,51.53,45.12,48.51,8384410
6-May-14,55.51,55.51,51.71,51.75,2572919
5-May-14,54.14,55.62,53.25,54.74,2597009
2-May-14,55.02,55.50,53.25,54.87,2422699
1-May-14,54.58,57.60,53.88,54.90,3474759
30-Apr-14,55.12,55.35,53.18,54.57,2379550
29-Apr-14,52.69,56.41,52.18,55.55,3879800
28-Apr-14,55.87,55.95,50.84,52.99,5910565
25-Apr-14,58.88,59.19,54.67,55.60,4122452
24-Apr-14,62.26,62.48,56.50,59.23,5449423
23-Apr-14,66.02,66.28,61.34,61.45,3290736
22-Apr-14,63.97,66.61,63.97,65.74,1921957
21-Apr-14,65.84,65.88,62.44,64.30,2059527
17-Apr-14,65.53,67.56,64.62,65.84,3857620
16-Apr-14,65.06,65.53,62.93,64.77,4009307
15-Apr-14,60.75,64.64,58.73,64.36,6691537
14-Apr-14,59.19,61.95,58.86,60.50,6387133
11-Apr-14,56.86,60.20,55.55,57.68,3727864
10-Apr-14,64.97,65.26,57.64,58.40,4993602
9-Apr-14,62.27,65.30,61.54,65.04,5042750
8-Apr-14,61.89,63.09,58.58,61.42,5566463
7-Apr-14,62.12,64.22,58.29,60.57,8362738
4-Apr-14,67.22,68.93,61.66,62.68,6474659
3-Apr-14,72.00,72.15,65.22,66.36,5266691
2-Apr-14,75.65,76.26,70.27,71.12,3167047
1-Apr-14,71.76,75.00,71.00,74.90,4313495
31-Mar-14,72.93,72.93,70.44,71.49,2617953
28-Mar-14,73.44,74.89,71.00,71.41,2653867
27-Mar-14,74.54,74.54,71.10,73.53,3702778
26-Mar-14,75.43,77.17,73.62,74.84,4017122
25-Mar-14,79.17,79.53,72.42,74.20,5755558
24-Mar-14,85.54,85.54,74.08,77.27,5897696
21-Mar-14,89.46,89.73,84.37,84.78,3749510
20-Mar-14,87.54,90.00,86.00,89.42,1916935
19-Mar-14,89.68,89.86,87.04,87.95,1658022
18-Mar-14,85.79,90.49,85.44,90.02,2401695
17-Mar-14,84.75,87.10,84.65,85.48,1027675
14-Mar-14,84.68,85.82,83.84,84.57,1005694
13-Mar-14,87.88,88.46,83.70,85.34,2112285
12-Mar-14,84.31,88.06,83.60,87.71,1854216
11-Mar-14,85.01,87.24,84.32,84.70,2051090
10-Mar-14,87.87,88.77,83.59,84.97,2561483
7-Mar-14,91.71,92.06,86.94,88.64,2609078
6-Mar-14,92.78,93.42,91.00,91.56,1634137
5-Mar-14,91.96,92.84,91.11,92.32,1399046
4-Mar-14,92.23,93.43,91.19,92.00,1827623
3-Mar-14,87.62,90.09,85.67,88.99,3567487
28-Feb-14,102.94,106.15,90.78,92.75,5353430
27-Feb-14,93.76,97.33,93.74,95.50,2508732
26-Feb-14,95.08,96.21,91.91,92.96,2146577
25-Feb-14,92.85,95.02,90.14,93.31,2494977
24-Feb-14,89.83,91.12,88.60,90.75,1284743
21-Feb-14,89.25,89.83,87.38,89.02,1268976
20-Feb-14,86.43,89.00,86.07,88.51,1720554
19-Feb-14,84.62,86.40,84.45,86.02,3195773
18-Feb-14,87.95,87.99,85.76,86.43,1225392
14-Feb-14,87.20,87.45,84.68,86.09,1029497
13-Feb-14,81.51,86.38,81.00,86.30,1403099
12-Feb-14,83.83,83.89,81.70,83.04,1126704
11-Feb-14,81.39,83.65,81.30,83.16,1654114
10-Feb-14,80.02,81.24,78.95,80.90,1389921
7-Feb-14,77.70,80.00,77.64,79.88,1812634
6-Feb-14,77.34,79.34,77.02,77.68,1505258
5-Feb-14,77.60,79.94,74.25,77.29,2017415
4-Feb-14,74.84,76.33,73.47,76.14,1080991
3-Feb-14,76.74,78.74,73.20,74.15,1585021
31-Jan-14,76.36,78.48,75.01,77.03,2058651
30-Jan-14,76.51,78.26,74.45,77.42,2640741
29-Jan-14,74.85,76.64,72.66,73.03,1898134
28-Jan-14,73.92,75.56,73.91,75.27,1588293
27-Jan-14,78.43,79.74,72.43,73.97,2650990
24-Jan-14,81.72,82.71,76.91,76.99,2185877
23-Jan-14,82.00,82.08,79.00,81.82,4217240
22-Jan-14,80.60,83.97,80.60,82.24,1891067
21-Jan-14,80.87,82.82,80.02,81.50,2358908
17-Jan-14,79.46,79.99,77.95,79.67,1603684
16-Jan-14,77.15,81.03,77.00,79.43,1705842
15-Jan-14,75.25,76.21,75.13,75.99,1108214
14-Jan-14,73.85,75.39,73.04,75.04,886028
13-Jan-14,75.40,75.50,72.86,73.31,875501
10-Jan-14,73.23,75.29,71.52,75.24,1118284
9-Jan-14,75.35,75.64,73.13,74.58,725859
8-Jan-14,75.91,76.38,74.11,74.91,1066847
7-Jan-14,73.05,76.99,73.00,75.39,2622538
6-Jan-14,71.10,72.24,70.04,70.78,766543
3-Jan-14,71.45,71.50,69.83,70.98,736720
2-Jan-14,68.09,72.34,68.09,71.46,1775015
31-Dec-13,68.93,69.91,68.00,68.67,776713
30-Dec-13,69.00,69.42,67.87,68.93,464553
27-Dec-13,70.60,71.17,68.79,68.99,447737
26-Dec-13,70.08,71.53,69.48,70.57,534405
24-Dec-13,70.64,70.90,69.32,70.22,322014
23-Dec-13,70.00,70.85,69.49,70.64,773023
20-Dec-13,68.77,70.24,68.41,69.52,2380418
19-Dec-13,68.58,70.60,68.14,68.49,914457
18-Dec-13,69.36,69.46,66.30,68.64,1275052
17-Dec-13,68.12,69.86,68.05,69.50,1142990
16-Dec-13,68.00,69.00,67.51,68.12,874211
13-Dec-13,68.26,68.31,67.10,67.73,810609
12-Dec-13,66.97,68.64,66.75,68.05,973372
11-Dec-13,68.63,68.63,66.69,66.99,771196
10-Dec-13,69.08,69.08,68.00,68.43,829863
9-Dec-13,69.78,69.91,68.08,69.07,838623
6-Dec-13,71.49,71.49,68.80,69.68,744894
5-Dec-13,69.26,71.67,69.21,70.79,976508
4-Dec-13,70.28,70.28,68.37,69.66,1441521
3-Dec-13,71.25,72.15,69.95,70.48,1313172
2-Dec-13,72.03,72.89,70.68,71.69,1066370
29-Nov-13,72.99,72.99,71.53,72.16,387031
27-Nov-13,73.04,73.67,72.06,72.71,917609
26-Nov-13,71.07,73.24,70.78,73.08,1753047
25-Nov-13,72.84,74.97,70.05,71.03,2844739
22-Nov-13,69.47,74.76,69.01,73.56,6652120
21-Nov-13,62.95,62.99,59.68,59.90,3315288
20-Nov-13,63.10,63.75,62.45,62.53,1108094
19-Nov-13,63.03,63.59,62.48,62.90,1164613
18-Nov-13,63.55,64.60,62.49,62.71,1083879
15-Nov-13,63.46,63.52,62.71,63.34,751279
14-Nov-13,61.92,62.60,61.37,62.55,472161
13-Nov-13,60.31,62.16,60.31,61.89,1040290
12-Nov-13,60.87,61.75,60.60,61.03,873707
11-Nov-13,60.34,61.45,59.92,60.94,899583
8-Nov-13,61.99,62.36,59.50,60.30,2295926
7-Nov-13,63.77,65.15,61.39,61.73,1308535
6-Nov-13,64.52,64.70,63.10,63.65,1191017
5-Nov-13,63.00,64.50,62.59,63.98,953364
4-Nov-13,62.57,63.92,61.97,63.05,1100604
1-Nov-13,62.89,64.34,62.12,62.44,1002678
31-Oct-13,62.65,63.07,61.72,62.71,927053
30-Oct-13,62.17,63.23,61.91,62.83,1484141
29-Oct-13,61.25,61.97,59.50,61.64,1144622
28-Oct-13,62.26,62.59,60.49,60.96,1173075
25-Oct-13,64.16,64.46,61.93,61.96,947679
24-Oct-13,62.26,63.83,62.10,63.77,843682
23-Oct-13,62.75,62.76,61.21,62.03,842739
22-Oct-13,62.95,64.50,62.14,62.99,1573112
21-Oct-13,62.07,63.33,61.61,62.68,1311324
18-Oct-13,63.23,63.49,61.71,61.88,1131785
17-Oct-13,59.13,62.91,59.13,62.62,2456988
16-Oct-13,57.92,59.47,57.80,59.19,1009210
15-Oct-13,59.13,59.13,57.16,57.50,905578
14-Oct-13,58.66,59.57,58.11,59.35,667898
11-Oct-13,59.43,60.36,59.03,59.45,1061787
10-Oct-13,57.45,59.40,57.01,59.22,1196550
9-Oct-13,57.16,57.51,54.93,56.68,1435307
8-Oct-13,60.53,61.25,55.62,56.92,3195044
7-Oct-13,61.23,62.61,59.51,60.04,1859807
4-Oct-13,60.82,63.77,60.53,62.95,1324379
3-Oct-13,61.11,61.98,59.91,60.66,926766
2-Oct-13,60.30,61.92,60.30,61.46,897580
1-Oct-13,60.02,61.68,59.49,61.50,1194203
30-Sep-13,60.63,60.99,59.84,60.04,1056919
27-Sep-13,61.84,62.32,61.09,61.49,878594
26-Sep-13,60.71,61.97,60.52,61.97,957093
25-Sep-13,60.59,60.94,59.67,60.44,554126
24-Sep-13,60.40,61.29,59.07,60.37,644244
23-Sep-13,62.09,62.23,58.85,60.76,1621981
20-Sep-13,62.12,63.34,61.45,61.98,3386853
19-Sep-13,60.66,62.00,60.53,61.33,1046570
18-Sep-13,59.55,60.50,59.32,60.46,1084589
17-Sep-13,59.49,59.76,58.03,59.37,1383547
16-Sep-13,61.35,61.57,58.36,59.11,1552475
13-Sep-13,60.72,60.90,59.29,59.54,943747
12-Sep-13,61.18,62.21,60.57,60.78,1266979
11-Sep-13,60.10,61.75,59.95,61.00,884331
10-Sep-13,59.98,61.21,59.47,60.35,1386548
9-Sep-13,56.48,59.75,56.36,59.43,1744467
6-Sep-13,55.93,57.75,55.57,56.34,1590481
5-Sep-13,55.26,55.92,55.00,55.39,803211
4-Sep-13,55.00,55.94,54.76,55.33,885418
3-Sep-13,54.75,56.52,54.50,55.24,2340903
30-Aug-13,53.70,55.83,52.52,55.21,4905472
29-Aug-13,48.36,49.65,48.32,48.92,1465354
28-Aug-13,48.11,48.47,47.69,48.11,1233114
27-Aug-13,49.84,49.84,47.77,48.18,1231162
26-Aug-13,50.28,50.98,50.06,50.16,593668
23-Aug-13,50.20,50.50,49.39,50.21,670968
22-Aug-13,50.26,50.56,49.85,50.19,386064
21-Aug-13,49.97,50.76,49.69,50.01,332823
20-Aug-13,50.13,50.42,49.29,49.94,517121
19-Aug-13,49.98,50.97,49.61,50.00,826286
16-Aug-13,50.06,50.06,49.33,49.80,453881
15-Aug-13,50.95,51.09,49.44,49.91,730215
14-Aug-13,52.52,52.82,51.66,51.69,302678
13-Aug-13,52.11,52.97,51.65,52.24,266600
12-Aug-13,51.66,52.57,51.30,52.35,221491
9-Aug-13,52.14,52.86,51.66,51.73,400053
8-Aug-13,51.85,52.22,51.42,52.02,430734
7-Aug-13,52.00,52.00,51.26,51.68,475548
6-Aug-13,53.01,53.07,52.03,52.10,656067
5-Aug-13,52.17,53.19,52.17,52.98,784401
2-Aug-13,51.41,53.47,50.76,52.60,1338191
1-Aug-13,50.28,52.08,50.15,51.26,957546
31-Jul-13,50.21,50.57,49.50,50.01,720025
30-Jul-13,49.78,50.05,49.40,49.93,971020
29-Jul-13,50.73,50.73,49.47,49.86,891477
26-Jul-13,51.04,51.14,50.14,50.46,1229266
25-Jul-13,51.15,52.12,51.08,51.36,745222
24-Jul-13,50.26,51.46,50.26,51.16,1195416
23-Jul-13,50.36,50.53,49.91,50.10,657658
22-Jul-13,49.95,50.28,49.62,49.84,626852
19-Jul-13,49.61,50.16,49.50,49.67,718835
18-Jul-13,50.19,50.32,49.59,49.94,515869
17-Jul-13,49.84,50.77,49.74,49.99,764683
16-Jul-13,50.14,50.40,49.32,49.92,1694206
15-Jul-13,50.63,51.31,50.39,50.45,1073191
12-Jul-13,49.67,51.11,49.50,50.72,1634046
11-Jul-13,50.08,50.15,49.20,49.50,972430
10-Jul-13,48.79,49.85,48.68,49.81,991878
9-Jul-13,48.22,49.07,47.60,48.65,1145001
8-Jul-13,49.57,49.58,48.19,48.25,1090928
5-Jul-13,48.58,49.34,48.58,49.32,805985
3-Jul-13,48.38,48.76,47.51,48.41,892053
2-Jul-13,47.43,49.29,47.40,48.15,2364095
1-Jul-13,46.35,47.92,46.14,47.72,1569129
28-Jun-13,46.75,47.61,46.29,46.36,8399941
27-Jun-13,45.94,47.11,45.25,47.01,1558878
26-Jun-13,44.55,46.10,44.00,45.99,2003154
25-Jun-13,43.88,44.29,43.51,43.95,1066622
24-Jun-13,43.31,44.40,43.00,43.78,1344575
21-Jun-13,43.80,43.95,42.83,43.85,1561015
20-Jun-13,43.66,43.79,43.05,43.59,1352857
19-Jun-13,43.91,44.16,43.69,43.72,1452396
18-Jun-13,43.69,44.67,43.42,43.97,1312873
17-Jun-13,43.48,44.15,43.40,43.85,1213813
14-Jun-13,44.02,44.28,42.97,43.07,608976
13-Jun-13,43.65,43.87,43.11,43.81,751325
12-Jun-13,44.49,44.79,43.73,43.80,1072846
11-Jun-13,43.58,44.64,42.97,44.10,1286469
10-Jun-13,43.79,44.15,43.04,44.13,1092345
7-Jun-13,43.00,43.50,42.24,43.42,1417994
6-Jun-13,42.10,43.03,41.78,42.89,936935
5-Jun-13,42.79,43.11,41.29,42.02,2467645
4-Jun-13,44.61,45.45,42.96,42.99,2116619
3-Jun-13,46.24,46.45,44.79,45.03,2377553
31-May-13,44.05,47.11,43.40,46.76,2795586
30-May-13,45.94,46.21,44.45,45.22,2400484
29-May-13,45.48,46.06,44.46,45.87,1510752
28-May-13,45.03,46.09,45.02,45.79,975017
24-May-13,44.82,44.86,44.06,44.82,609031
23-May-13,45.00,45.32,43.61,44.88,745344
22-May-13,46.84,46.90,44.76,45.11,868351
21-May-13,46.52,47.21,45.84,46.70,711762
20-May-13,45.98,47.14,45.82,46.49,1043569
17-May-13,45.02,45.55,44.53,45.44,954043
16-May-13,44.81,45.20,44.52,44.70,1187910
15-May-13,45.27,45.44,43.86,44.28,1022579
14-May-13,44.56,45.22,44.39,45.12,1247214
13-May-13,44.76,45.04,44.02,44.25,664140
10-May-13,43.75,45.16,43.41,44.89,1480314
9-May-13,43.67,43.69,41.77,43.05,1498046
8-May-13,42.85,44.60,42.85,43.37,1454432
7-May-13,43.40,44.49,42.99,44.42,891858
6-May-13,43.40,43.97,42.87,43.68,651331
3-May-13,42.50,43.49,42.31,43.28,828489
2-May-13,40.90,42.50,40.72,42.18,1343635
1-May-13,40.59,41.63,40.59,40.73,1030470
30-Apr-13,41.76,42.16,40.48,40.80,1481560
29-Apr-13,41.69,41.86,41.21,41.73,865224
26-Apr-13,41.95,42.53,41.03,41.14,1024136
25-Apr-13,41.06,42.09,40.75,42.03,1467495
24-Apr-13,41.45,41.50,40.72,40.88,908461
23-Apr-13,40.64,41.77,40.64,41.51,645863
22-Apr-13,41.06,41.49,40.22,40.71,1004230
19-Apr-13,41.03,41.03,40.03,40.63,1229360
18-Apr-13,42.42,42.42,40.79,41.02,1040641
17-Apr-13,42.03,42.49,41.73,42.10,1295612
16-Apr-13,41.60,42.28,41.22,42.14,1870758
15-Apr-13,42.09,42.48,41.42,41.45,1441628
12-Apr-13,42.13,42.40,41.64,42.26,881121
11-Apr-13,41.37,42.25,40.99,42.14,1596424
10-Apr-13,40.56,41.44,40.29,41.16,2540893
9-Apr-13,39.75,40.65,39.68,40.45,1149969
8-Apr-13,39.33,40.22,39.26,39.86,1397664
5-Apr-13,38.99,40.00,38.60,39.91,1121748
4-Apr-13,39.35,39.89,39.10,39.49,1322774
3-Apr-13,39.71,39.90,38.75,39.33,1601514
2-Apr-13,40.01,40.37,39.60,39.73,929629
1-Apr-13,39.82,40.30,39.66,40.00,1540268
28-Mar-13,39.84,40.58,39.80,40.03,1425611
27-Mar-13,39.26,40.03,38.82,40.02,1657740
26-Mar-13,39.49,39.70,38.60,39.00,3280093
25-Mar-13,38.52,40.63,38.48,39.98,3272579
22-Mar-13,38.44,39.30,38.03,39.05,1312576
21-Mar-13,38.16,38.82,37.62,38.46,1010737
20-Mar-13,37.86,38.56,37.61,38.55,1166633
19-Mar-13,38.65,38.80,37.13,37.49,1635172
18-Mar-13,38.10,38.98,38.03,38.58,922315
15-Mar-13,39.11,39.49,38.65,39.00,1147760
14-Mar-13,38.68,39.50,38.38,39.04,1633284
13-Mar-13,38.22,38.72,37.91,38.56,1069457
12-Mar-13,38.47,38.98,37.73,38.11,1523941
11-Mar-13,37.77,39.03,37.51,38.62,1199525
8-Mar-13,37.95,39.23,37.93,38.72,1755047
7-Mar-13,38.00,38.07,37.64,38.01,1717985
6-Mar-13,37.79,38.04,37.30,37.84,1806065
5-Mar-13,37.28,37.68,37.01,37.56,3442558
4-Mar-13,37.43,38.18,37.05,37.60,3743197
1-Mar-13,37.08,39.18,36.13,38.97,4318340
28-Feb-13,36.28,36.71,35.93,36.13,2108496
27-Feb-13,35.30,36.47,35.10,36.36,1306334
26-Feb-13,35.51,35.75,35.06,35.51,1802894
25-Feb-13,35.00,36.31,35.00,35.55,1819924
22-Feb-13,34.05,35.06,34.00,35.01,703320
21-Feb-13,34.18,34.82,33.78,34.04,794528
20-Feb-13,34.88,35.07,34.04,34.11,827562
19-Feb-13,34.74,35.35,34.67,34.68,728027
15-Feb-13,35.44,35.76,34.90,34.98,1555150
14-Feb-13,34.47,35.19,34.02,35.08,1479274
13-Feb-13,34.42,34.83,34.12,34.50,717567
12-Feb-13,34.28,34.75,33.76,34.64,1711584
11-Feb-13,33.08,34.01,33.00,33.88,770841
8-Feb-13,32.79,33.74,32.75,33.42,636784
7-Feb-13,33.75,33.78,32.82,33.21,733451
6-Feb-13,33.88,34.16,33.64,33.92,780894
5-Feb-13,33.80,34.00,33.44,33.72,797516
4-Feb-13,33.51,34.05,33.33,33.67,884336
1-Feb-13,33.27,34.02,33.27,33.90,2550040
